file_id,rms_mean,rms_std,rms_p05,rms_p95,silence_ratio,dynamic_range_db,zcr_mean,zcr_std,zcr_p95,centroid_mean,centroid_std,centroid_p05,centroid_p95,bandwidth_mean,bandwidth_std,onset_mean,onset_std,onset_peak_ratio,flux_mean,flux_std,flux_p95
data/raw/disco.00000.wav,0.11285277883692307,0.058878522630148034,0.035114746800000006,0.21471042,0.0,15.727271604958919,0.09641676682692307,0.08343071355815311,0.2616210937500001,2314.94347740219,946.6407176187083,1130.51774011765,4026.414333430109,2580.814281666771,445.20173089645766,4.1550639165846155,4.929482872297851,6.069719384901887,5.294957143307693,5.564061377280293,17.281123400000006
